Model,Accuracy,Macro_F1,Train_Time,Inference_Time
1D CNN,0.5015,0.1460,50.4345,0.4224
LSTM,0.2889,0.1326,282.0632,2.4268
1D CNN,0.4330,0.1417,45.0520,0.3546
LSTM,0.2516,0.1139,296.5170,2.2869
CNN_LSTM,0.5429,0.1332,337.9186,2.0971
Random Forest (Baseline),0.6459,0.1884,0.7343,0.0404
1D CNN,0.4170,0.1478,52.0169,0.3950
LSTM,0.3594,0.1335,351.3589,2.4455
CNN_LSTM,0.2825,0.1010,304.9111,1.6509
Random Forest (Baseline),0.6459,0.1884,0.4870,0.0500
XGBoost,0.6135,0.1972,3.8643,0.0330
1D CNN,0.4202,0.1361,50.3077,0.3906
LSTM,0.3375,0.1380,260.6222,2.3014
CNN_LSTM,0.3582,0.1152,361.9615,1.6493
Transformer,0.4782,0.1356,1076.4688,3.8735
